<?xml version="1.0" encoding="UTF-8"?>
<frame version="1.2.0">
  <cameras>
    <camera camera_id="0">
      <photo path="../../../../MeadowGardens_hole1_ground/inputs/IMG_0191.png">
        <meta>
          <property name="Exif/ApertureValue" value="1.35614"/>
          <property name="Exif/DateTime" value="2022:06:14 20:07:08"/>
          <property name="Exif/DateTimeOriginal" value="2022:06:14 20:07:08"/>
          <property name="Exif/ExposureTime" value="1/121"/>
          <property name="Exif/FNumber" value="8/5"/>
          <property name="Exif/FocalLength" value="51/10"/>
          <property name="Exif/FocalLengthIn35mmFilm" value="26"/>
          <property name="Exif/ISOSpeedRatings" value="80"/>
          <property name="Exif/LensMake" value="Apple"/>
          <property name="Exif/LensModel" value="iPhone 13 back dual wide camera 5.1mm f/1.6"/>
          <property name="Exif/Make" value="Apple"/>
          <property name="Exif/Model" value="iPhone 13"/>
          <property name="Exif/Orientation" value="1"/>
          <property name="Exif/PixelXDimension" value="4032"/>
          <property name="Exif/PixelYDimension" value="3024"/>
          <property name="Exif/ShutterSpeedValue" value="6.92349"/>
          <property name="Exif/Software" value="15.5"/>
          <property name="File/ImageHeight" value="3024"/>
          <property name="File/ImageWidth" value="4032"/>
          <property name="System/FileModifyDate" value="2022:06:24 20:33:19"/>
          <property name="System/FileSize" value="19961760"/>
        </meta>
      </photo>
    </camera>
    <camera camera_id="1">
      <photo path="../../../../MeadowGardens_hole1_ground/inputs/IMG_0192.png">
        <meta>
          <property name="Exif/ApertureValue" value="1.35614"/>
          <property name="Exif/DateTime" value="2022:06:14 20:07:18"/>
          <property name="Exif/DateTimeOriginal" value="2022:06:14 20:07:18"/>
          <property name="Exif/ExposureTime" value="1/122"/>
          <property name="Exif/FNumber" value="8/5"/>
          <property name="Exif/FocalLength" value="51/10"/>
          <property name="Exif/FocalLengthIn35mmFilm" value="26"/>
          <property name="Exif/ISOSpeedRatings" value="80"/>
          <property name="Exif/LensMake" value="Apple"/>
          <property name="Exif/LensModel" value="iPhone 13 back dual wide camera 5.1mm f/1.6"/>
          <property name="Exif/Make" value="Apple"/>
          <property name="Exif/Model" value="iPhone 13"/>
          <property name="Exif/Orientation" value="1"/>
          <property name="Exif/PixelXDimension" value="4032"/>
          <property name="Exif/PixelYDimension" value="3024"/>
          <property name="Exif/ShutterSpeedValue" value="6.92489"/>
          <property name="Exif/Software" value="15.5"/>
          <property name="File/ImageHeight" value="3024"/>
          <property name="File/ImageWidth" value="4032"/>
          <property name="System/FileModifyDate" value="2022:06:24 20:33:01"/>
          <property name="System/FileSize" value="21167634"/>
        </meta>
      </photo>
    </camera>
    <camera camera_id="2">
      <photo path="../../../../MeadowGardens_hole1_ground/inputs/IMG_0193.png">
        <meta>
          <property name="Exif/ApertureValue" value="1.35614"/>
          <property name="Exif/DateTime" value="2022:06:14 20:07:27"/>
          <property name="Exif/DateTimeOriginal" value="2022:06:14 20:07:27"/>
          <property name="Exif/ExposureTime" value="1/122"/>
          <property name="Exif/FNumber" value="8/5"/>
          <property name="Exif/FocalLength" value="51/10"/>
          <property name="Exif/FocalLengthIn35mmFilm" value="26"/>
          <property name="Exif/ISOSpeedRatings" value="80"/>
          <property name="Exif/LensMake" value="Apple"/>
          <property name="Exif/LensModel" value="iPhone 13 back dual wide camera 5.1mm f/1.6"/>
          <property name="Exif/Make" value="Apple"/>
          <property name="Exif/Model" value="iPhone 13"/>
          <property name="Exif/Orientation" value="1"/>
          <property name="Exif/PixelXDimension" value="4032"/>
          <property name="Exif/PixelYDimension" value="3024"/>
          <property name="Exif/ShutterSpeedValue" value="6.92489"/>
          <property name="Exif/Software" value="15.5"/>
          <property name="File/ImageHeight" value="3024"/>
          <property name="File/ImageWidth" value="4032"/>
          <property name="System/FileModifyDate" value="2022:06:24 20:33:10"/>
          <property name="System/FileSize" value="20170105"/>
        </meta>
      </photo>
    </camera>
    <camera camera_id="3">
      <photo path="../../../../MeadowGardens_hole1_ground/inputs/IMG_0194.png">
        <meta>
          <property name="Exif/ApertureValue" value="1.35614"/>
          <property name="Exif/DateTime" value="2022:06:14 20:07:34"/>
          <property name="Exif/DateTimeOriginal" value="2022:06:14 20:07:34"/>
          <property name="Exif/ExposureTime" value="1/121"/>
          <property name="Exif/FNumber" value="8/5"/>
          <property name="Exif/FocalLength" value="51/10"/>
          <property name="Exif/FocalLengthIn35mmFilm" value="26"/>
          <property name="Exif/ISOSpeedRatings" value="80"/>
          <property name="Exif/LensMake" value="Apple"/>
          <property name="Exif/LensModel" value="iPhone 13 back dual wide camera 5.1mm f/1.6"/>
          <property name="Exif/Make" value="Apple"/>
          <property name="Exif/Model" value="iPhone 13"/>
          <property name="Exif/Orientation" value="1"/>
          <property name="Exif/PixelXDimension" value="4032"/>
          <property name="Exif/PixelYDimension" value="3024"/>
          <property name="Exif/ShutterSpeedValue" value="6.92349"/>
          <property name="Exif/Software" value="15.5"/>
          <property name="File/ImageHeight" value="3024"/>
          <property name="File/ImageWidth" value="4032"/>
          <property name="System/FileModifyDate" value="2022:06:24 20:33:02"/>
          <property name="System/FileSize" value="19104613"/>
        </meta>
      </photo>
    </camera>
    <camera camera_id="4">
      <photo path="../../../../MeadowGardens_hole1_ground/inputs/IMG_0195.png">
        <meta>
          <property name="Exif/ApertureValue" value="1.35614"/>
          <property name="Exif/DateTime" value="2022:06:14 20:07:43"/>
          <property name="Exif/DateTimeOriginal" value="2022:06:14 20:07:43"/>
          <property name="Exif/ExposureTime" value="1/122"/>
          <property name="Exif/FNumber" value="8/5"/>
          <property name="Exif/FocalLength" value="51/10"/>
          <property name="Exif/FocalLengthIn35mmFilm" value="26"/>
          <property name="Exif/ISOSpeedRatings" value="100"/>
          <property name="Exif/LensMake" value="Apple"/>
          <property name="Exif/LensModel" value="iPhone 13 back dual wide camera 5.1mm f/1.6"/>
          <property name="Exif/Make" value="Apple"/>
          <property name="Exif/Model" value="iPhone 13"/>
          <property name="Exif/Orientation" value="1"/>
          <property name="Exif/PixelXDimension" value="4032"/>
          <property name="Exif/PixelYDimension" value="3024"/>
          <property name="Exif/ShutterSpeedValue" value="6.92489"/>
          <property name="Exif/Software" value="15.5"/>
          <property name="File/ImageHeight" value="3024"/>
          <property name="File/ImageWidth" value="4032"/>
          <property name="System/FileModifyDate" value="2022:06:24 20:33:00"/>
          <property name="System/FileSize" value="21002094"/>
        </meta>
      </photo>
    </camera>
    <camera camera_id="5">
      <photo path="../../../../MeadowGardens_hole1_ground/inputs/IMG_0196.png">
        <meta>
          <property name="Exif/ApertureValue" value="1.35614"/>
          <property name="Exif/DateTime" value="2022:06:14 20:07:50"/>
          <property name="Exif/DateTimeOriginal" value="2022:06:14 20:07:50"/>
          <property name="Exif/ExposureTime" value="1/121"/>
          <property name="Exif/FNumber" value="8/5"/>
          <property name="Exif/FocalLength" value="51/10"/>
          <property name="Exif/FocalLengthIn35mmFilm" value="26"/>
          <property name="Exif/ISOSpeedRatings" value="100"/>
          <property name="Exif/LensMake" value="Apple"/>
          <property name="Exif/LensModel" value="iPhone 13 back dual wide camera 5.1mm f/1.6"/>
          <property name="Exif/Make" value="Apple"/>
          <property name="Exif/Model" value="iPhone 13"/>
          <property name="Exif/Orientation" value="1"/>
          <property name="Exif/PixelXDimension" value="4032"/>
          <property name="Exif/PixelYDimension" value="3024"/>
          <property name="Exif/ShutterSpeedValue" value="6.92349"/>
          <property name="Exif/Software" value="15.5"/>
          <property name="File/ImageHeight" value="3024"/>
          <property name="File/ImageWidth" value="4032"/>
          <property name="System/FileModifyDate" value="2022:06:24 20:33:04"/>
          <property name="System/FileSize" value="21090412"/>
        </meta>
      </photo>
    </camera>
    <camera camera_id="6">
      <photo path="../../../../MeadowGardens_hole1_ground/inputs/IMG_0197.png">
        <meta>
          <property name="Exif/ApertureValue" value="1.35614"/>
          <property name="Exif/DateTime" value="2022:06:14 20:07:59"/>
          <property name="Exif/DateTimeOriginal" value="2022:06:14 20:07:59"/>
          <property name="Exif/ExposureTime" value="1/121"/>
          <property name="Exif/FNumber" value="8/5"/>
          <property name="Exif/FocalLength" value="51/10"/>
          <property name="Exif/FocalLengthIn35mmFilm" value="26"/>
          <property name="Exif/ISOSpeedRatings" value="80"/>
          <property name="Exif/LensMake" value="Apple"/>
          <property name="Exif/LensModel" value="iPhone 13 back dual wide camera 5.1mm f/1.6"/>
          <property name="Exif/Make" value="Apple"/>
          <property name="Exif/Model" value="iPhone 13"/>
          <property name="Exif/Orientation" value="1"/>
          <property name="Exif/PixelXDimension" value="4032"/>
          <property name="Exif/PixelYDimension" value="3024"/>
          <property name="Exif/ShutterSpeedValue" value="6.92349"/>
          <property name="Exif/Software" value="15.5"/>
          <property name="File/ImageHeight" value="3024"/>
          <property name="File/ImageWidth" value="4032"/>
          <property name="System/FileModifyDate" value="2022:06:24 20:33:15"/>
          <property name="System/FileSize" value="20720311"/>
        </meta>
      </photo>
    </camera>
    <camera camera_id="7">
      <photo path="../../../../MeadowGardens_hole1_ground/inputs/IMG_0198.png">
        <meta>
          <property name="Exif/ApertureValue" value="1.35614"/>
          <property name="Exif/DateTime" value="2022:06:14 20:08:09"/>
          <property name="Exif/DateTimeOriginal" value="2022:06:14 20:08:09"/>
          <property name="Exif/ExposureTime" value="1/121"/>
          <property name="Exif/FNumber" value="8/5"/>
          <property name="Exif/FocalLength" value="51/10"/>
          <property name="Exif/FocalLengthIn35mmFilm" value="26"/>
          <property name="Exif/ISOSpeedRatings" value="64"/>
          <property name="Exif/LensMake" value="Apple"/>
          <property name="Exif/LensModel" value="iPhone 13 back dual wide camera 5.1mm f/1.6"/>
          <property name="Exif/Make" value="Apple"/>
          <property name="Exif/Model" value="iPhone 13"/>
          <property name="Exif/Orientation" value="1"/>
          <property name="Exif/PixelXDimension" value="4032"/>
          <property name="Exif/PixelYDimension" value="3024"/>
          <property name="Exif/ShutterSpeedValue" value="6.92349"/>
          <property name="Exif/Software" value="15.5"/>
          <property name="File/ImageHeight" value="3024"/>
          <property name="File/ImageWidth" value="4032"/>
          <property name="System/FileModifyDate" value="2022:06:24 20:33:05"/>
          <property name="System/FileSize" value="19204704"/>
        </meta>
      </photo>
    </camera>
    <camera camera_id="8">
      <photo path="../../../../MeadowGardens_hole1_ground/inputs/IMG_0199.png">
        <meta>
          <property name="Exif/ApertureValue" value="1.35614"/>
          <property name="Exif/DateTime" value="2022:06:14 20:08:17"/>
          <property name="Exif/DateTimeOriginal" value="2022:06:14 20:08:17"/>
          <property name="Exif/ExposureTime" value="1/126"/>
          <property name="Exif/FNumber" value="8/5"/>
          <property name="Exif/FocalLength" value="51/10"/>
          <property name="Exif/FocalLengthIn35mmFilm" value="26"/>
          <property name="Exif/ISOSpeedRatings" value="50"/>
          <property name="Exif/LensMake" value="Apple"/>
          <property name="Exif/LensModel" value="iPhone 13 back dual wide camera 5.1mm f/1.6"/>
          <property name="Exif/Make" value="Apple"/>
          <property name="Exif/Model" value="iPhone 13"/>
          <property name="Exif/Orientation" value="1"/>
          <property name="Exif/PixelXDimension" value="4032"/>
          <property name="Exif/PixelYDimension" value="3024"/>
          <property name="Exif/ShutterSpeedValue" value="6.98265"/>
          <property name="Exif/Software" value="15.5"/>
          <property name="File/ImageHeight" value="3024"/>
          <property name="File/ImageWidth" value="4032"/>
          <property name="System/FileModifyDate" value="2022:06:24 20:33:02"/>
          <property name="System/FileSize" value="16852001"/>
        </meta>
      </photo>
    </camera>
    <camera camera_id="9">
      <photo path="../../../../MeadowGardens_hole1_ground/inputs/IMG_0200.png">
        <meta>
          <property name="Exif/ApertureValue" value="1.35614"/>
          <property name="Exif/DateTime" value="2022:06:14 20:08:26"/>
          <property name="Exif/DateTimeOriginal" value="2022:06:14 20:08:26"/>
          <property name="Exif/ExposureTime" value="1/161"/>
          <property name="Exif/FNumber" value="8/5"/>
          <property name="Exif/FocalLength" value="51/10"/>
          <property name="Exif/FocalLengthIn35mmFilm" value="26"/>
          <property name="Exif/ISOSpeedRatings" value="50"/>
          <property name="Exif/LensMake" value="Apple"/>
          <property name="Exif/LensModel" value="iPhone 13 back dual wide camera 5.1mm f/1.6"/>
          <property name="Exif/Make" value="Apple"/>
          <property name="Exif/Model" value="iPhone 13"/>
          <property name="Exif/Orientation" value="1"/>
          <property name="Exif/PixelXDimension" value="4032"/>
          <property name="Exif/PixelYDimension" value="3024"/>
          <property name="Exif/ShutterSpeedValue" value="7.33212"/>
          <property name="Exif/Software" value="15.5"/>
          <property name="File/ImageHeight" value="3024"/>
          <property name="File/ImageWidth" value="4032"/>
          <property name="System/FileModifyDate" value="2022:06:24 20:33:03"/>
          <property name="System/FileSize" value="15142261"/>
        </meta>
      </photo>
    </camera>
    <camera camera_id="10">
      <photo path="../../../../MeadowGardens_hole1_ground/inputs/IMG_0201.png">
        <meta>
          <property name="Exif/ApertureValue" value="1.35614"/>
          <property name="Exif/DateTime" value="2022:06:14 20:08:35"/>
          <property name="Exif/DateTimeOriginal" value="2022:06:14 20:08:35"/>
          <property name="Exif/ExposureTime" value="1/161"/>
          <property name="Exif/FNumber" value="8/5"/>
          <property name="Exif/FocalLength" value="51/10"/>
          <property name="Exif/FocalLengthIn35mmFilm" value="26"/>
          <property name="Exif/ISOSpeedRatings" value="64"/>
          <property name="Exif/LensMake" value="Apple"/>
          <property name="Exif/LensModel" value="iPhone 13 back dual wide camera 5.1mm f/1.6"/>
          <property name="Exif/Make" value="Apple"/>
          <property name="Exif/Model" value="iPhone 13"/>
          <property name="Exif/Orientation" value="1"/>
          <property name="Exif/PixelXDimension" value="4032"/>
          <property name="Exif/PixelYDimension" value="3024"/>
          <property name="Exif/ShutterSpeedValue" value="7.33212"/>
          <property name="Exif/Software" value="15.5"/>
          <property name="File/ImageHeight" value="3024"/>
          <property name="File/ImageWidth" value="4032"/>
          <property name="System/FileModifyDate" value="2022:06:24 20:33:06"/>
          <property name="System/FileSize" value="17130809"/>
        </meta>
      </photo>
    </camera>
    <camera camera_id="11">
      <photo path="../../../../MeadowGardens_hole1_ground/inputs/IMG_0202.png">
        <meta>
          <property name="Exif/ApertureValue" value="1.35614"/>
          <property name="Exif/DateTime" value="2022:06:14 20:08:43"/>
          <property name="Exif/DateTimeOriginal" value="2022:06:14 20:08:43"/>
          <property name="Exif/ExposureTime" value="1/122"/>
          <property name="Exif/FNumber" value="8/5"/>
          <property name="Exif/FocalLength" value="51/10"/>
          <property name="Exif/FocalLengthIn35mmFilm" value="26"/>
          <property name="Exif/ISOSpeedRatings" value="64"/>
          <property name="Exif/LensMake" value="Apple"/>
          <property name="Exif/LensModel" value="iPhone 13 back dual wide camera 5.1mm f/1.6"/>
          <property name="Exif/Make" value="Apple"/>
          <property name="Exif/Model" value="iPhone 13"/>
          <property name="Exif/Orientation" value="1"/>
          <property name="Exif/PixelXDimension" value="4032"/>
          <property name="Exif/PixelYDimension" value="3024"/>
          <property name="Exif/ShutterSpeedValue" value="6.92489"/>
          <property name="Exif/Software" value="15.5"/>
          <property name="File/ImageHeight" value="3024"/>
          <property name="File/ImageWidth" value="4032"/>
          <property name="System/FileModifyDate" value="2022:06:24 20:33:08"/>
          <property name="System/FileSize" value="19271793"/>
        </meta>
      </photo>
    </camera>
    <camera camera_id="12">
      <photo path="../../../../MeadowGardens_hole1_ground/inputs/IMG_0203.png">
        <meta>
          <property name="Exif/ApertureValue" value="1.35614"/>
          <property name="Exif/DateTime" value="2022:06:14 20:08:49"/>
          <property name="Exif/DateTimeOriginal" value="2022:06:14 20:08:49"/>
          <property name="Exif/ExposureTime" value="1/150"/>
          <property name="Exif/FNumber" value="8/5"/>
          <property name="Exif/FocalLength" value="51/10"/>
          <property name="Exif/FocalLengthIn35mmFilm" value="26"/>
          <property name="Exif/ISOSpeedRatings" value="64"/>
          <property name="Exif/LensMake" value="Apple"/>
          <property name="Exif/LensModel" value="iPhone 13 back dual wide camera 5.1mm f/1.6"/>
          <property name="Exif/Make" value="Apple"/>
          <property name="Exif/Model" value="iPhone 13"/>
          <property name="Exif/Orientation" value="1"/>
          <property name="Exif/PixelXDimension" value="4032"/>
          <property name="Exif/PixelYDimension" value="3024"/>
          <property name="Exif/ShutterSpeedValue" value="7.23221"/>
          <property name="Exif/Software" value="15.5"/>
          <property name="File/ImageHeight" value="3024"/>
          <property name="File/ImageWidth" value="4032"/>
          <property name="System/FileModifyDate" value="2022:06:24 20:33:05"/>
          <property name="System/FileSize" value="16455283"/>
        </meta>
      </photo>
    </camera>
    <camera camera_id="13">
      <photo path="../../../../MeadowGardens_hole1_ground/inputs/IMG_0205.png">
        <meta>
          <property name="Exif/ApertureValue" value="1.35614"/>
          <property name="Exif/DateTime" value="2022:06:14 20:09:00"/>
          <property name="Exif/DateTimeOriginal" value="2022:06:14 20:09:00"/>
          <property name="Exif/ExposureTime" value="1/142"/>
          <property name="Exif/FNumber" value="8/5"/>
          <property name="Exif/FocalLength" value="51/10"/>
          <property name="Exif/FocalLengthIn35mmFilm" value="26"/>
          <property name="Exif/ISOSpeedRatings" value="64"/>
          <property name="Exif/LensMake" value="Apple"/>
          <property name="Exif/LensModel" value="iPhone 13 back dual wide camera 5.1mm f/1.6"/>
          <property name="Exif/Make" value="Apple"/>
          <property name="Exif/Model" value="iPhone 13"/>
          <property name="Exif/Orientation" value="1"/>
          <property name="Exif/PixelXDimension" value="4032"/>
          <property name="Exif/PixelYDimension" value="3024"/>
          <property name="Exif/ShutterSpeedValue" value="7.14775"/>
          <property name="Exif/Software" value="15.5"/>
          <property name="File/ImageHeight" value="3024"/>
          <property name="File/ImageWidth" value="4032"/>
          <property name="System/FileModifyDate" value="2022:06:24 20:33:03"/>
          <property name="System/FileSize" value="16557104"/>
        </meta>
      </photo>
    </camera>
    <camera camera_id="14">
      <photo path="../../../../MeadowGardens_hole1_ground/inputs/IMG_0206.png">
        <meta>
          <property name="Exif/ApertureValue" value="1.35614"/>
          <property name="Exif/DateTime" value="2022:06:14 20:09:08"/>
          <property name="Exif/DateTimeOriginal" value="2022:06:14 20:09:08"/>
          <property name="Exif/ExposureTime" value="1/142"/>
          <property name="Exif/FNumber" value="8/5"/>
          <property name="Exif/FocalLength" value="51/10"/>
          <property name="Exif/FocalLengthIn35mmFilm" value="26"/>
          <property name="Exif/ISOSpeedRatings" value="64"/>
          <property name="Exif/LensMake" value="Apple"/>
          <property name="Exif/LensModel" value="iPhone 13 back dual wide camera 5.1mm f/1.6"/>
          <property name="Exif/Make" value="Apple"/>
          <property name="Exif/Model" value="iPhone 13"/>
          <property name="Exif/Orientation" value="1"/>
          <property name="Exif/PixelXDimension" value="4032"/>
          <property name="Exif/PixelYDimension" value="3024"/>
          <property name="Exif/ShutterSpeedValue" value="7.14775"/>
          <property name="Exif/Software" value="15.5"/>
          <property name="File/ImageHeight" value="3024"/>
          <property name="File/ImageWidth" value="4032"/>
          <property name="System/FileModifyDate" value="2022:06:24 20:33:02"/>
          <property name="System/FileSize" value="16295528"/>
        </meta>
      </photo>
    </camera>
    <camera camera_id="15">
      <photo path="../../../../MeadowGardens_hole1_ground/inputs/IMG_0207.png">
        <meta>
          <property name="Exif/ApertureValue" value="1.35614"/>
          <property name="Exif/DateTime" value="2022:06:14 20:09:16"/>
          <property name="Exif/DateTimeOriginal" value="2022:06:14 20:09:16"/>
          <property name="Exif/ExposureTime" value="1/121"/>
          <property name="Exif/FNumber" value="8/5"/>
          <property name="Exif/FocalLength" value="51/10"/>
          <property name="Exif/FocalLengthIn35mmFilm" value="26"/>
          <property name="Exif/ISOSpeedRatings" value="50"/>
          <property name="Exif/LensMake" value="Apple"/>
          <property name="Exif/LensModel" value="iPhone 13 back dual wide camera 5.1mm f/1.6"/>
          <property name="Exif/Make" value="Apple"/>
          <property name="Exif/Model" value="iPhone 13"/>
          <property name="Exif/Orientation" value="1"/>
          <property name="Exif/PixelXDimension" value="4032"/>
          <property name="Exif/PixelYDimension" value="3024"/>
          <property name="Exif/ShutterSpeedValue" value="6.92349"/>
          <property name="Exif/Software" value="15.5"/>
          <property name="File/ImageHeight" value="3024"/>
          <property name="File/ImageWidth" value="4032"/>
          <property name="System/FileModifyDate" value="2022:06:24 20:33:01"/>
          <property name="System/FileSize" value="15706311"/>
        </meta>
      </photo>
    </camera>
    <camera camera_id="16">
      <photo path="../../../../MeadowGardens_hole1_ground/inputs/IMG_0208.png">
        <meta>
          <property name="Exif/ApertureValue" value="1.35614"/>
          <property name="Exif/DateTime" value="2022:06:14 20:09:28"/>
          <property name="Exif/DateTimeOriginal" value="2022:06:14 20:09:28"/>
          <property name="Exif/ExposureTime" value="1/122"/>
          <property name="Exif/FNumber" value="8/5"/>
          <property name="Exif/FocalLength" value="51/10"/>
          <property name="Exif/FocalLengthIn35mmFilm" value="26"/>
          <property name="Exif/ISOSpeedRatings" value="64"/>
          <property name="Exif/LensMake" value="Apple"/>
          <property name="Exif/LensModel" value="iPhone 13 back dual wide camera 5.1mm f/1.6"/>
          <property name="Exif/Make" value="Apple"/>
          <property name="Exif/Model" value="iPhone 13"/>
          <property name="Exif/Orientation" value="1"/>
          <property name="Exif/PixelXDimension" value="4032"/>
          <property name="Exif/PixelYDimension" value="3024"/>
          <property name="Exif/ShutterSpeedValue" value="6.92489"/>
          <property name="Exif/Software" value="15.5"/>
          <property name="File/ImageHeight" value="3024"/>
          <property name="File/ImageWidth" value="4032"/>
          <property name="System/FileModifyDate" value="2022:06:24 20:33:10"/>
          <property name="System/FileSize" value="18395729"/>
        </meta>
      </photo>
    </camera>
    <camera camera_id="17">
      <photo path="../../../../MeadowGardens_hole1_ground/inputs/IMG_0209.png">
        <meta>
          <property name="Exif/ApertureValue" value="1.35614"/>
          <property name="Exif/DateTime" value="2022:06:14 20:09:39"/>
          <property name="Exif/DateTimeOriginal" value="2022:06:14 20:09:39"/>
          <property name="Exif/ExposureTime" value="1/122"/>
          <property name="Exif/FNumber" value="8/5"/>
          <property name="Exif/FocalLength" value="51/10"/>
          <property name="Exif/FocalLengthIn35mmFilm" value="26"/>
          <property name="Exif/ISOSpeedRatings" value="64"/>
          <property name="Exif/LensMake" value="Apple"/>
          <property name="Exif/LensModel" value="iPhone 13 back dual wide camera 5.1mm f/1.6"/>
          <property name="Exif/Make" value="Apple"/>
          <property name="Exif/Model" value="iPhone 13"/>
          <property name="Exif/Orientation" value="1"/>
          <property name="Exif/PixelXDimension" value="4032"/>
          <property name="Exif/PixelYDimension" value="3024"/>
          <property name="Exif/ShutterSpeedValue" value="6.92489"/>
          <property name="Exif/Software" value="15.5"/>
          <property name="File/ImageHeight" value="3024"/>
          <property name="File/ImageWidth" value="4032"/>
          <property name="System/FileModifyDate" value="2022:06:24 20:33:09"/>
          <property name="System/FileSize" value="18116768"/>
        </meta>
      </photo>
    </camera>
    <camera camera_id="18">
      <photo path="../../../../MeadowGardens_hole1_ground/inputs/IMG_0210.png">
        <meta>
          <property name="Exif/ApertureValue" value="1.35614"/>
          <property name="Exif/DateTime" value="2022:06:14 20:09:49"/>
          <property name="Exif/DateTimeOriginal" value="2022:06:14 20:09:49"/>
          <property name="Exif/ExposureTime" value="1/122"/>
          <property name="Exif/FNumber" value="8/5"/>
          <property name="Exif/FocalLength" value="51/10"/>
          <property name="Exif/FocalLengthIn35mmFilm" value="26"/>
          <property name="Exif/ISOSpeedRatings" value="64"/>
          <property name="Exif/LensMake" value="Apple"/>
          <property name="Exif/LensModel" value="iPhone 13 back dual wide camera 5.1mm f/1.6"/>
          <property name="Exif/Make" value="Apple"/>
          <property name="Exif/Model" value="iPhone 13"/>
          <property name="Exif/Orientation" value="1"/>
          <property name="Exif/PixelXDimension" value="4032"/>
          <property name="Exif/PixelYDimension" value="3024"/>
          <property name="Exif/ShutterSpeedValue" value="6.92489"/>
          <property name="Exif/Software" value="15.5"/>
          <property name="File/ImageHeight" value="3024"/>
          <property name="File/ImageWidth" value="4032"/>
          <property name="System/FileModifyDate" value="2022:06:24 20:33:08"/>
          <property name="System/FileSize" value="17754479"/>
        </meta>
      </photo>
    </camera>
    <camera camera_id="19">
      <photo path="../../../../MeadowGardens_hole1_ground/inputs/IMG_0211.png">
        <meta>
          <property name="Exif/ApertureValue" value="1.35614"/>
          <property name="Exif/DateTime" value="2022:06:14 20:09:58"/>
          <property name="Exif/DateTimeOriginal" value="2022:06:14 20:09:58"/>
          <property name="Exif/ExposureTime" value="1/122"/>
          <property name="Exif/FNumber" value="8/5"/>
          <property name="Exif/FocalLength" value="51/10"/>
          <property name="Exif/FocalLengthIn35mmFilm" value="26"/>
          <property name="Exif/ISOSpeedRatings" value="64"/>
          <property name="Exif/LensMake" value="Apple"/>
          <property name="Exif/LensModel" value="iPhone 13 back dual wide camera 5.1mm f/1.6"/>
          <property name="Exif/Make" value="Apple"/>
          <property name="Exif/Model" value="iPhone 13"/>
          <property name="Exif/Orientation" value="1"/>
          <property name="Exif/PixelXDimension" value="4032"/>
          <property name="Exif/PixelYDimension" value="3024"/>
          <property name="Exif/ShutterSpeedValue" value="6.92489"/>
          <property name="Exif/Software" value="15.5"/>
          <property name="File/ImageHeight" value="3024"/>
          <property name="File/ImageWidth" value="4032"/>
          <property name="System/FileModifyDate" value="2022:06:24 20:33:09"/>
          <property name="System/FileSize" value="18354412"/>
        </meta>
      </photo>
    </camera>
    <camera camera_id="20">
      <photo path="../../../../MeadowGardens_hole1_ground/inputs/IMG_0212.png">
        <meta>
          <property name="Exif/ApertureValue" value="1.35614"/>
          <property name="Exif/DateTime" value="2022:06:14 20:10:11"/>
          <property name="Exif/DateTimeOriginal" value="2022:06:14 20:10:11"/>
          <property name="Exif/ExposureTime" value="1/121"/>
          <property name="Exif/FNumber" value="8/5"/>
          <property name="Exif/FocalLength" value="51/10"/>
          <property name="Exif/FocalLengthIn35mmFilm" value="26"/>
          <property name="Exif/ISOSpeedRatings" value="64"/>
          <property name="Exif/LensMake" value="Apple"/>
          <property name="Exif/LensModel" value="iPhone 13 back dual wide camera 5.1mm f/1.6"/>
          <property name="Exif/Make" value="Apple"/>
          <property name="Exif/Model" value="iPhone 13"/>
          <property name="Exif/Orientation" value="1"/>
          <property name="Exif/PixelXDimension" value="4032"/>
          <property name="Exif/PixelYDimension" value="3024"/>
          <property name="Exif/ShutterSpeedValue" value="6.92349"/>
          <property name="Exif/Software" value="15.5"/>
          <property name="File/ImageHeight" value="3024"/>
          <property name="File/ImageWidth" value="4032"/>
          <property name="System/FileModifyDate" value="2022:06:24 20:33:17"/>
          <property name="System/FileSize" value="19548503"/>
        </meta>
      </photo>
    </camera>
    <camera camera_id="21">
      <photo path="../../../../MeadowGardens_hole1_ground/inputs/IMG_0213.png">
        <meta>
          <property name="Exif/ApertureValue" value="1.35614"/>
          <property name="Exif/DateTime" value="2022:06:14 20:10:17"/>
          <property name="Exif/DateTimeOriginal" value="2022:06:14 20:10:17"/>
          <property name="Exif/ExposureTime" value="1/122"/>
          <property name="Exif/FNumber" value="8/5"/>
          <property name="Exif/FocalLength" value="51/10"/>
          <property name="Exif/FocalLengthIn35mmFilm" value="26"/>
          <property name="Exif/ISOSpeedRatings" value="64"/>
          <property name="Exif/LensMake" value="Apple"/>
          <property name="Exif/LensModel" value="iPhone 13 back dual wide camera 5.1mm f/1.6"/>
          <property name="Exif/Make" value="Apple"/>
          <property name="Exif/Model" value="iPhone 13"/>
          <property name="Exif/Orientation" value="1"/>
          <property name="Exif/PixelXDimension" value="4032"/>
          <property name="Exif/PixelYDimension" value="3024"/>
          <property name="Exif/ShutterSpeedValue" value="6.92489"/>
          <property name="Exif/Software" value="15.5"/>
          <property name="File/ImageHeight" value="3024"/>
          <property name="File/ImageWidth" value="4032"/>
          <property name="System/FileModifyDate" value="2022:06:24 20:33:09"/>
          <property name="System/FileSize" value="18504651"/>
        </meta>
      </photo>
    </camera>
    <camera camera_id="22">
      <photo path="../../../../MeadowGardens_hole1_ground/inputs/IMG_0214.png">
        <meta>
          <property name="Exif/ApertureValue" value="1.35614"/>
          <property name="Exif/DateTime" value="2022:06:14 20:10:26"/>
          <property name="Exif/DateTimeOriginal" value="2022:06:14 20:10:26"/>
          <property name="Exif/ExposureTime" value="1/122"/>
          <property name="Exif/FNumber" value="8/5"/>
          <property name="Exif/FocalLength" value="51/10"/>
          <property name="Exif/FocalLengthIn35mmFilm" value="26"/>
          <property name="Exif/ISOSpeedRatings" value="64"/>
          <property name="Exif/LensMake" value="Apple"/>
          <property name="Exif/LensModel" value="iPhone 13 back dual wide camera 5.1mm f/1.6"/>
          <property name="Exif/Make" value="Apple"/>
          <property name="Exif/Model" value="iPhone 13"/>
          <property name="Exif/Orientation" value="1"/>
          <property name="Exif/PixelXDimension" value="4032"/>
          <property name="Exif/PixelYDimension" value="3024"/>
          <property name="Exif/ShutterSpeedValue" value="6.92489"/>
          <property name="Exif/Software" value="15.5"/>
          <property name="File/ImageHeight" value="3024"/>
          <property name="File/ImageWidth" value="4032"/>
          <property name="System/FileModifyDate" value="2022:06:24 20:33:07"/>
          <property name="System/FileSize" value="19055500"/>
        </meta>
      </photo>
    </camera>
    <camera camera_id="23">
      <photo path="../../../../MeadowGardens_hole1_ground/inputs/IMG_0215.png">
        <meta>
          <property name="Exif/ApertureValue" value="1.35614"/>
          <property name="Exif/DateTime" value="2022:06:14 20:11:06"/>
          <property name="Exif/DateTimeOriginal" value="2022:06:14 20:11:06"/>
          <property name="Exif/ExposureTime" value="1/121"/>
          <property name="Exif/FNumber" value="8/5"/>
          <property name="Exif/FocalLength" value="51/10"/>
          <property name="Exif/FocalLengthIn35mmFilm" value="26"/>
          <property name="Exif/ISOSpeedRatings" value="100"/>
          <property name="Exif/LensMake" value="Apple"/>
          <property name="Exif/LensModel" value="iPhone 13 back dual wide camera 5.1mm f/1.6"/>
          <property name="Exif/Make" value="Apple"/>
          <property name="Exif/Model" value="iPhone 13"/>
          <property name="Exif/Orientation" value="1"/>
          <property name="Exif/PixelXDimension" value="4032"/>
          <property name="Exif/PixelYDimension" value="3024"/>
          <property name="Exif/ShutterSpeedValue" value="6.92349"/>
          <property name="Exif/Software" value="15.5"/>
          <property name="File/ImageHeight" value="3024"/>
          <property name="File/ImageWidth" value="4032"/>
          <property name="System/FileModifyDate" value="2022:06:24 20:33:16"/>
          <property name="System/FileSize" value="19620361"/>
        </meta>
      </photo>
    </camera>
    <camera camera_id="24">
      <photo path="../../../../MeadowGardens_hole1_ground/inputs/IMG_0216.png">
        <meta>
          <property name="Exif/ApertureValue" value="1.35614"/>
          <property name="Exif/DateTime" value="2022:06:14 20:11:15"/>
          <property name="Exif/DateTimeOriginal" value="2022:06:14 20:11:15"/>
          <property name="Exif/ExposureTime" value="1/121"/>
          <property name="Exif/FNumber" value="8/5"/>
          <property name="Exif/FocalLength" value="51/10"/>
          <property name="Exif/FocalLengthIn35mmFilm" value="26"/>
          <property name="Exif/ISOSpeedRatings" value="100"/>
          <property name="Exif/LensMake" value="Apple"/>
          <property name="Exif/LensModel" value="iPhone 13 back dual wide camera 5.1mm f/1.6"/>
          <property name="Exif/Make" value="Apple"/>
          <property name="Exif/Model" value="iPhone 13"/>
          <property name="Exif/Orientation" value="1"/>
          <property name="Exif/PixelXDimension" value="4032"/>
          <property name="Exif/PixelYDimension" value="3024"/>
          <property name="Exif/ShutterSpeedValue" value="6.92349"/>
          <property name="Exif/Software" value="15.5"/>
          <property name="File/ImageHeight" value="3024"/>
          <property name="File/ImageWidth" value="4032"/>
          <property name="System/FileModifyDate" value="2022:06:24 20:33:06"/>
          <property name="System/FileSize" value="19300394"/>
        </meta>
      </photo>
    </camera>
    <camera camera_id="25">
      <photo path="../../../../MeadowGardens_hole1_ground/inputs/IMG_0217.png">
        <meta>
          <property name="Exif/ApertureValue" value="1.35614"/>
          <property name="Exif/DateTime" value="2022:06:14 20:11:24"/>
          <property name="Exif/DateTimeOriginal" value="2022:06:14 20:11:24"/>
          <property name="Exif/ExposureTime" value="1/121"/>
          <property name="Exif/FNumber" value="8/5"/>
          <property name="Exif/FocalLength" value="51/10"/>
          <property name="Exif/FocalLengthIn35mmFilm" value="26"/>
          <property name="Exif/ISOSpeedRatings" value="100"/>
          <property name="Exif/LensMake" value="Apple"/>
          <property name="Exif/LensModel" value="iPhone 13 back dual wide camera 5.1mm f/1.6"/>
          <property name="Exif/Make" value="Apple"/>
          <property name="Exif/Model" value="iPhone 13"/>
          <property name="Exif/Orientation" value="1"/>
          <property name="Exif/PixelXDimension" value="4032"/>
          <property name="Exif/PixelYDimension" value="3024"/>
          <property name="Exif/ShutterSpeedValue" value="6.92349"/>
          <property name="Exif/Software" value="15.5"/>
          <property name="File/ImageHeight" value="3024"/>
          <property name="File/ImageWidth" value="4032"/>
          <property name="System/FileModifyDate" value="2022:06:24 20:33:12"/>
          <property name="System/FileSize" value="19480796"/>
        </meta>
      </photo>
    </camera>
    <camera camera_id="26">
      <photo path="../../../../MeadowGardens_hole1_ground/inputs/IMG_0218.png">
        <meta>
          <property name="Exif/ApertureValue" value="1.35614"/>
          <property name="Exif/DateTime" value="2022:06:14 20:11:36"/>
          <property name="Exif/DateTimeOriginal" value="2022:06:14 20:11:36"/>
          <property name="Exif/ExposureTime" value="1/121"/>
          <property name="Exif/FNumber" value="8/5"/>
          <property name="Exif/FocalLength" value="51/10"/>
          <property name="Exif/FocalLengthIn35mmFilm" value="26"/>
          <property name="Exif/ISOSpeedRatings" value="100"/>
          <property name="Exif/LensMake" value="Apple"/>
          <property name="Exif/LensModel" value="iPhone 13 back dual wide camera 5.1mm f/1.6"/>
          <property name="Exif/Make" value="Apple"/>
          <property name="Exif/Model" value="iPhone 13"/>
          <property name="Exif/Orientation" value="1"/>
          <property name="Exif/PixelXDimension" value="4032"/>
          <property name="Exif/PixelYDimension" value="3024"/>
          <property name="Exif/ShutterSpeedValue" value="6.92349"/>
          <property name="Exif/Software" value="15.5"/>
          <property name="File/ImageHeight" value="3024"/>
          <property name="File/ImageWidth" value="4032"/>
          <property name="System/FileModifyDate" value="2022:06:24 20:33:10"/>
          <property name="System/FileSize" value="19598259"/>
        </meta>
      </photo>
    </camera>
    <camera camera_id="27">
      <photo path="../../../../MeadowGardens_hole1_ground/inputs/IMG_0219.png">
        <meta>
          <property name="Exif/ApertureValue" value="1.35614"/>
          <property name="Exif/DateTime" value="2022:06:14 20:11:44"/>
          <property name="Exif/DateTimeOriginal" value="2022:06:14 20:11:44"/>
          <property name="Exif/ExposureTime" value="1/122"/>
          <property name="Exif/FNumber" value="8/5"/>
          <property name="Exif/FocalLength" value="51/10"/>
          <property name="Exif/FocalLengthIn35mmFilm" value="26"/>
          <property name="Exif/ISOSpeedRatings" value="100"/>
          <property name="Exif/LensMake" value="Apple"/>
          <property name="Exif/LensModel" value="iPhone 13 back dual wide camera 5.1mm f/1.6"/>
          <property name="Exif/Make" value="Apple"/>
          <property name="Exif/Model" value="iPhone 13"/>
          <property name="Exif/Orientation" value="1"/>
          <property name="Exif/PixelXDimension" value="4032"/>
          <property name="Exif/PixelYDimension" value="3024"/>
          <property name="Exif/ShutterSpeedValue" value="6.92489"/>
          <property name="Exif/Software" value="15.5"/>
          <property name="File/ImageHeight" value="3024"/>
          <property name="File/ImageWidth" value="4032"/>
          <property name="System/FileModifyDate" value="2022:06:24 20:33:06"/>
          <property name="System/FileSize" value="19553199"/>
        </meta>
      </photo>
    </camera>
    <camera camera_id="28">
      <photo path="../../../../MeadowGardens_hole1_ground/inputs/IMG_0220.png">
        <meta>
          <property name="Exif/ApertureValue" value="1.35614"/>
          <property name="Exif/DateTime" value="2022:06:14 20:11:51"/>
          <property name="Exif/DateTimeOriginal" value="2022:06:14 20:11:51"/>
          <property name="Exif/ExposureTime" value="1/122"/>
          <property name="Exif/FNumber" value="8/5"/>
          <property name="Exif/FocalLength" value="51/10"/>
          <property name="Exif/FocalLengthIn35mmFilm" value="26"/>
          <property name="Exif/ISOSpeedRatings" value="100"/>
          <property name="Exif/LensMake" value="Apple"/>
          <property name="Exif/LensModel" value="iPhone 13 back dual wide camera 5.1mm f/1.6"/>
          <property name="Exif/Make" value="Apple"/>
          <property name="Exif/Model" value="iPhone 13"/>
          <property name="Exif/Orientation" value="1"/>
          <property name="Exif/PixelXDimension" value="4032"/>
          <property name="Exif/PixelYDimension" value="3024"/>
          <property name="Exif/ShutterSpeedValue" value="6.92489"/>
          <property name="Exif/Software" value="15.5"/>
          <property name="File/ImageHeight" value="3024"/>
          <property name="File/ImageWidth" value="4032"/>
          <property name="System/FileModifyDate" value="2022:06:24 20:33:06"/>
          <property name="System/FileSize" value="19180090"/>
        </meta>
      </photo>
    </camera>
    <camera camera_id="29">
      <photo path="../../../../MeadowGardens_hole1_ground/inputs/IMG_0221.png">
        <meta>
          <property name="Exif/ApertureValue" value="1.35614"/>
          <property name="Exif/DateTime" value="2022:06:14 20:11:59"/>
          <property name="Exif/DateTimeOriginal" value="2022:06:14 20:11:59"/>
          <property name="Exif/ExposureTime" value="1/122"/>
          <property name="Exif/FNumber" value="8/5"/>
          <property name="Exif/FocalLength" value="51/10"/>
          <property name="Exif/FocalLengthIn35mmFilm" value="26"/>
          <property name="Exif/ISOSpeedRatings" value="100"/>
          <property name="Exif/LensMake" value="Apple"/>
          <property name="Exif/LensModel" value="iPhone 13 back dual wide camera 5.1mm f/1.6"/>
          <property name="Exif/Make" value="Apple"/>
          <property name="Exif/Model" value="iPhone 13"/>
          <property name="Exif/Orientation" value="1"/>
          <property name="Exif/PixelXDimension" value="4032"/>
          <property name="Exif/PixelYDimension" value="3024"/>
          <property name="Exif/ShutterSpeedValue" value="6.92489"/>
          <property name="Exif/Software" value="15.5"/>
          <property name="File/ImageHeight" value="3024"/>
          <property name="File/ImageWidth" value="4032"/>
          <property name="System/FileModifyDate" value="2022:06:24 20:33:19"/>
          <property name="System/FileSize" value="20635129"/>
        </meta>
      </photo>
    </camera>
    <camera camera_id="30">
      <photo path="../../../../MeadowGardens_hole1_ground/inputs/IMG_0222.png">
        <meta>
          <property name="Exif/ApertureValue" value="1.35614"/>
          <property name="Exif/DateTime" value="2022:06:14 20:12:13"/>
          <property name="Exif/DateTimeOriginal" value="2022:06:14 20:12:13"/>
          <property name="Exif/ExposureTime" value="1/122"/>
          <property name="Exif/FNumber" value="8/5"/>
          <property name="Exif/FocalLength" value="51/10"/>
          <property name="Exif/FocalLengthIn35mmFilm" value="26"/>
          <property name="Exif/ISOSpeedRatings" value="100"/>
          <property name="Exif/LensMake" value="Apple"/>
          <property name="Exif/LensModel" value="iPhone 13 back dual wide camera 5.1mm f/1.6"/>
          <property name="Exif/Make" value="Apple"/>
          <property name="Exif/Model" value="iPhone 13"/>
          <property name="Exif/Orientation" value="1"/>
          <property name="Exif/PixelXDimension" value="4032"/>
          <property name="Exif/PixelYDimension" value="3024"/>
          <property name="Exif/ShutterSpeedValue" value="6.92489"/>
          <property name="Exif/Software" value="15.5"/>
          <property name="File/ImageHeight" value="3024"/>
          <property name="File/ImageWidth" value="4032"/>
          <property name="System/FileModifyDate" value="2022:06:24 20:33:13"/>
          <property name="System/FileSize" value="19134968"/>
        </meta>
      </photo>
    </camera>
  </cameras>
  <thumbnails path="thumbnails/thumbnails.zip"/>
  <point_cloud path="point_cloud/point_cloud.zip"/>
  <depth_maps id="0" path="depth_maps/depth_maps.zip"/>
  <dense_cloud id="0" path="dense_cloud/dense_cloud.zip"/>
</frame>
