<?xml version="1.0" encoding="UTF-8"?>
<dense_cloud version="1.2.0">
  <tiles>
    <tile path="dense_cloud.oc3">
      <totalCount>621834</totalCount>
      <validCount>621834</validCount>
      <pointCount class="0">621834</pointCount>
      <hasPointNormals>true</hasPointNormals>
      <hasPointConfidence>false</hasPointConfidence>
    </tile>
  </tiles>
  <params>
    <dataType>uint8</dataType>
    <bands>
      <band label="Red"/>
      <band label="Green"/>
      <band label="Blue"/>
    </bands>
  </params>
  <meta>
    <property name="BuildDenseCloud/duration" value="14.295"/>
    <property name="BuildDenseCloud/keep_depth" value="true"/>
    <property name="BuildDenseCloud/max_neighbors" value="100"/>
    <property name="BuildDenseCloud/max_workgroup_size" value="100"/>
    <property name="BuildDenseCloud/point_colors" value="true"/>
    <property name="BuildDenseCloud/point_confidence" value="false"/>
    <property name="BuildDenseCloud/resolution" value="0.0186449727786046"/>
    <property name="BuildDenseCloud/subdivide_task" value="true"/>
    <property name="BuildDenseCloud/workitem_size_cameras" value="20"/>
    <property name="BuildDepthMaps/cameras" value=""/>
    <property name="BuildDepthMaps/downscale" value="4"/>
    <property name="BuildDepthMaps/duration" value="2282.692"/>
    <property name="BuildDepthMaps/filter_mode" value="0"/>
    <property name="BuildDepthMaps/max_neighbors" value="16"/>
    <property name="BuildDepthMaps/max_workgroup_size" value="100"/>
    <property name="BuildDepthMaps/reuse_depth" value="false"/>
    <property name="BuildDepthMaps/subdivide_task" value="true"/>
    <property name="BuildDepthMaps/workitem_size_cameras" value="20"/>
    <property name="Info/LastSavedDateTime" value="2022:06:25 23:12:25"/>
    <property name="Info/LastSavedSoftwareVersion" value="1.8.3.14331"/>
    <property name="Info/OriginalDateTime" value="2022:06:25 23:03:32"/>
    <property name="Info/OriginalSoftwareVersion" value="1.8.3.14331"/>
  </meta>
</dense_cloud>
