<?xml version="1.0" encoding="UTF-8"?>
<point_cloud version="1.7.0">
  <params>
    <dataType>uint8</dataType>
    <bands>
      <band label="Red"/>
      <band label="Green"/>
      <band label="Blue"/>
    </bands>
  </params>
  <tracks path="tracks.ply" count="1518"/>
  <points component_id="1" path="points1.ply" count="134"/>
  <projections camera_id="0" path="p0.ply" count="99"/>
  <projections camera_id="1" path="p1.ply" count="70"/>
  <projections camera_id="2" path="p2.ply" count="87"/>
  <projections camera_id="3" path="p3.ply" count="55"/>
  <projections camera_id="4" path="p4.ply" count="36"/>
  <projections camera_id="5" path="p5.ply" count="95"/>
  <projections camera_id="6" path="p6.ply" count="128"/>
  <projections camera_id="7" path="p7.ply" count="85"/>
  <projections camera_id="8" path="p8.ply" count="113"/>
  <projections camera_id="9" path="p9.ply" count="57"/>
  <projections camera_id="10" path="p10.ply" count="57"/>
  <projections camera_id="11" path="p11.ply" count="98"/>
  <projections camera_id="12" path="p12.ply" count="82"/>
  <projections camera_id="13" path="p13.ply" count="148"/>
  <projections camera_id="14" path="p14.ply" count="136"/>
  <projections camera_id="15" path="p15.ply" count="36"/>
  <projections camera_id="16" path="p16.ply" count="55"/>
  <projections camera_id="17" path="p17.ply" count="87"/>
  <projections camera_id="18" path="p18.ply" count="58"/>
  <projections camera_id="19" path="p19.ply" count="99"/>
  <projections camera_id="20" path="p20.ply" count="35"/>
  <projections camera_id="21" path="p21.ply" count="46"/>
  <projections camera_id="22" path="p22.ply" count="81"/>
  <projections camera_id="23" path="p23.ply" count="66"/>
  <projections camera_id="24" path="p24.ply" count="51"/>
  <projections camera_id="25" path="p25.ply" count="106"/>
  <projections camera_id="26" path="p26.ply" count="20"/>
  <projections camera_id="27" path="p27.ply" count="40"/>
  <projections camera_id="28" path="p28.ply" count="90"/>
  <projections camera_id="29" path="p29.ply" count="58"/>
  <projections camera_id="30" path="p30.ply" count="94"/>
  <projections camera_id="31" path="p31.ply" count="108"/>
  <projections camera_id="32" path="p32.ply" count="10"/>
  <projections camera_id="33" path="p33.ply" count="60"/>
  <projections camera_id="34" path="p34.ply" count="113"/>
  <projections camera_id="35" path="p35.ply" count="28"/>
  <projections camera_id="36" path="p36.ply" count="58"/>
  <projections camera_id="37" path="p37.ply" count="27"/>
  <projections camera_id="38" path="p38.ply" count="25"/>
  <projections camera_id="39" path="p39.ply" count="52"/>
  <projections camera_id="40" path="p40.ply" count="0"/>
  <projections camera_id="41" path="p41.ply" count="58"/>
  <projections camera_id="42" path="p42.ply" count="56"/>
  <projections camera_id="43" path="p43.ply" count="87"/>
  <projections camera_id="44" path="p44.ply" count="81"/>
  <meta>
    <property name="Info/LastSavedDateTime" value="2022:06:27 19:49:12"/>
    <property name="Info/LastSavedSoftwareVersion" value="1.8.3.14331"/>
    <property name="Info/OriginalDateTime" value="2022:06:26 00:24:35"/>
    <property name="Info/OriginalSoftwareVersion" value="1.8.3.14331"/>
    <property name="MatchPhotos/cameras" value=""/>
    <property name="MatchPhotos/descriptor_type" value="binary"/>
    <property name="MatchPhotos/descriptor_version" value="1.1.0"/>
    <property name="MatchPhotos/downscale" value="0"/>
    <property name="MatchPhotos/duration" value="40.353"/>
    <property name="MatchPhotos/filter_stationary_points" value="true"/>
    <property name="MatchPhotos/generic_preselection" value="true"/>
    <property name="MatchPhotos/guided_matching" value="true"/>
    <property name="MatchPhotos/keep_keypoints" value="false"/>
    <property name="MatchPhotos/keypoint_limit" value="40000"/>
    <property name="MatchPhotos/keypoint_limit_per_mpx" value="1000"/>
    <property name="MatchPhotos/max_workgroup_size" value="100"/>
    <property name="MatchPhotos/ram_used" value="101302272"/>
    <property name="MatchPhotos/reference_preselection" value="true"/>
    <property name="MatchPhotos/reference_preselection_mode" value="0"/>
    <property name="MatchPhotos/reset_matches" value="true"/>
    <property name="MatchPhotos/subdivide_task" value="true"/>
    <property name="MatchPhotos/tiepoint_limit" value="4000"/>
    <property name="MatchPhotos/workitem_size_cameras" value="20"/>
    <property name="MatchPhotos/workitem_size_pairs" value="80"/>
  </meta>
</point_cloud>
