<?xml version="1.0" encoding="UTF-8"?>
<point_cloud version="1.2.0">
  <params>
    <dataType>uint8</dataType>
    <bands>
      <band label="Red"/>
      <band label="Green"/>
      <band label="Blue"/>
    </bands>
  </params>
  <tracks path="tracks.ply" count="7153"/>
  <points component_id="0" path="points0.ply" count="3826"/>
  <projections camera_id="0" path="p0.ply" count="391"/>
  <projections camera_id="1" path="p1.ply" count="416"/>
  <projections camera_id="2" path="p2.ply" count="722"/>
  <projections camera_id="3" path="p3.ply" count="626"/>
  <projections camera_id="4" path="p4.ply" count="484"/>
  <projections camera_id="5" path="p5.ply" count="400"/>
  <projections camera_id="6" path="p6.ply" count="330"/>
  <projections camera_id="7" path="p7.ply" count="421"/>
  <projections camera_id="8" path="p8.ply" count="494"/>
  <projections camera_id="9" path="p9.ply" count="570"/>
  <projections camera_id="10" path="p10.ply" count="604"/>
  <projections camera_id="11" path="p11.ply" count="629"/>
  <projections camera_id="12" path="p12.ply" count="794"/>
  <projections camera_id="13" path="p13.ply" count="845"/>
  <projections camera_id="14" path="p14.ply" count="762"/>
  <projections camera_id="15" path="p15.ply" count="755"/>
  <projections camera_id="16" path="p16.ply" count="693"/>
  <projections camera_id="17" path="p17.ply" count="639"/>
  <projections camera_id="18" path="p18.ply" count="703"/>
  <projections camera_id="19" path="p19.ply" count="675"/>
  <projections camera_id="20" path="p20.ply" count="630"/>
  <projections camera_id="21" path="p21.ply" count="725"/>
  <projections camera_id="22" path="p22.ply" count="562"/>
  <projections camera_id="23" path="p23.ply" count="428"/>
  <projections camera_id="24" path="p24.ply" count="637"/>
  <projections camera_id="25" path="p25.ply" count="406"/>
  <projections camera_id="26" path="p26.ply" count="258"/>
  <projections camera_id="27" path="p27.ply" count="355"/>
  <projections camera_id="28" path="p28.ply" count="365"/>
  <projections camera_id="29" path="p29.ply" count="493"/>
  <projections camera_id="30" path="p30.ply" count="372"/>
  <meta>
    <property name="Info/LastSavedDateTime" value="2022:06:25 23:12:25"/>
    <property name="Info/LastSavedSoftwareVersion" value="1.8.3.14331"/>
    <property name="Info/OriginalDateTime" value="2022:06:25 03:48:04"/>
    <property name="Info/OriginalSoftwareVersion" value="1.8.3.14331"/>
    <property name="MatchPhotos/cameras" value=""/>
    <property name="MatchPhotos/descriptor_type" value="binary"/>
    <property name="MatchPhotos/descriptor_version" value="1.1.0"/>
    <property name="MatchPhotos/downscale" value="0"/>
    <property name="MatchPhotos/duration" value="127.54"/>
    <property name="MatchPhotos/filter_stationary_points" value="true"/>
    <property name="MatchPhotos/generic_preselection" value="true"/>
    <property name="MatchPhotos/guided_matching" value="true"/>
    <property name="MatchPhotos/keep_keypoints" value="false"/>
    <property name="MatchPhotos/keypoint_limit" value="40000"/>
    <property name="MatchPhotos/keypoint_limit_per_mpx" value="1000"/>
    <property name="MatchPhotos/max_workgroup_size" value="100"/>
    <property name="MatchPhotos/ram_used" value="1114165248"/>
    <property name="MatchPhotos/reference_preselection" value="false"/>
    <property name="MatchPhotos/reference_preselection_mode" value="0"/>
    <property name="MatchPhotos/reset_matches" value="false"/>
    <property name="MatchPhotos/subdivide_task" value="true"/>
    <property name="MatchPhotos/tiepoint_limit" value="4000"/>
    <property name="MatchPhotos/workitem_size_cameras" value="20"/>
    <property name="MatchPhotos/workitem_size_pairs" value="80"/>
  </meta>
</point_cloud>
