<?xml version="1.0" encoding="UTF-8"?>
<frame version="1.2.0">
  <cameras>
    <camera camera_id="0">
      <photo path="../../../inputs/IMG_0144.JPG">
        <meta>
          <property name="Exif/DateTime" value="2022:06:14 19:23:28"/>
          <property name="Exif/DateTimeOriginal" value="2022:06:14 19:23:28"/>
          <property name="Exif/GPSAltitude" value="7"/>
          <property name="Exif/GPSLatitude" value="49.228275"/>
          <property name="Exif/GPSLongitude" value="-122.666721"/>
          <property name="Exif/Orientation" value="1"/>
          <property name="File/ImageHeight" value="720"/>
          <property name="File/ImageWidth" value="1280"/>
          <property name="System/FileModifyDate" value="2022:06:25 17:16:36"/>
          <property name="System/FileSize" value="105272"/>
        </meta>
      </photo>
    </camera>
    <camera camera_id="1">
      <photo path="../../../inputs/IMG_0145.JPG">
        <meta>
          <property name="Exif/DateTime" value="2022:06:14 19:24:15"/>
          <property name="Exif/DateTimeOriginal" value="2022:06:14 19:24:15"/>
          <property name="Exif/GPSAltitude" value="7"/>
          <property name="Exif/GPSLatitude" value="49.228305"/>
          <property name="Exif/GPSLongitude" value="-122.66669"/>
          <property name="Exif/Orientation" value="1"/>
          <property name="File/ImageHeight" value="720"/>
          <property name="File/ImageWidth" value="1280"/>
          <property name="System/FileModifyDate" value="2022:06:25 17:16:36"/>
          <property name="System/FileSize" value="82569"/>
        </meta>
      </photo>
    </camera>
    <camera camera_id="2">
      <photo path="../../../inputs/IMG_0146.JPG">
        <meta>
          <property name="Exif/DateTime" value="2022:06:14 19:24:52"/>
          <property name="Exif/DateTimeOriginal" value="2022:06:14 19:24:52"/>
          <property name="Exif/GPSAltitude" value="7"/>
          <property name="Exif/GPSLatitude" value="49.22835"/>
          <property name="Exif/GPSLongitude" value="-122.666723"/>
          <property name="Exif/Orientation" value="1"/>
          <property name="File/ImageHeight" value="720"/>
          <property name="File/ImageWidth" value="1280"/>
          <property name="System/FileModifyDate" value="2022:06:25 17:16:36"/>
          <property name="System/FileSize" value="109622"/>
        </meta>
      </photo>
    </camera>
    <camera camera_id="3">
      <photo path="../../../inputs/IMG_0147.JPG">
        <meta>
          <property name="Exif/DateTime" value="2022:06:14 19:28:37"/>
          <property name="Exif/DateTimeOriginal" value="2022:06:14 19:28:37"/>
          <property name="Exif/GPSAltitude" value="7"/>
          <property name="Exif/GPSLatitude" value="49.22849"/>
          <property name="Exif/GPSLongitude" value="-122.666681"/>
          <property name="Exif/Orientation" value="1"/>
          <property name="File/ImageHeight" value="720"/>
          <property name="File/ImageWidth" value="1280"/>
          <property name="System/FileModifyDate" value="2022:06:25 17:16:36"/>
          <property name="System/FileSize" value="99907"/>
        </meta>
      </photo>
    </camera>
    <camera camera_id="4">
      <photo path="../../../inputs/IMG_0148.JPG">
        <meta>
          <property name="Exif/DateTime" value="2022:06:14 19:29:02"/>
          <property name="Exif/DateTimeOriginal" value="2022:06:14 19:29:02"/>
          <property name="Exif/GPSAltitude" value="7"/>
          <property name="Exif/GPSLatitude" value="49.228422"/>
          <property name="Exif/GPSLongitude" value="-122.666527"/>
          <property name="Exif/Orientation" value="1"/>
          <property name="File/ImageHeight" value="720"/>
          <property name="File/ImageWidth" value="1280"/>
          <property name="System/FileModifyDate" value="2022:06:25 17:16:36"/>
          <property name="System/FileSize" value="106754"/>
        </meta>
      </photo>
    </camera>
    <camera camera_id="5">
      <photo path="../../../inputs/IMG_0149.JPG">
        <meta>
          <property name="Exif/DateTime" value="2022:06:14 19:29:37"/>
          <property name="Exif/DateTimeOriginal" value="2022:06:14 19:29:37"/>
          <property name="Exif/GPSAltitude" value="7"/>
          <property name="Exif/GPSLatitude" value="49.228364"/>
          <property name="Exif/GPSLongitude" value="-122.666585"/>
          <property name="Exif/Orientation" value="1"/>
          <property name="File/ImageHeight" value="720"/>
          <property name="File/ImageWidth" value="1280"/>
          <property name="System/FileModifyDate" value="2022:06:25 17:16:36"/>
          <property name="System/FileSize" value="78303"/>
        </meta>
      </photo>
    </camera>
    <camera camera_id="6">
      <photo path="../../../inputs/IMG_0150.JPG">
        <meta>
          <property name="Exif/DateTime" value="2022:06:14 19:30:17"/>
          <property name="Exif/DateTimeOriginal" value="2022:06:14 19:30:17"/>
          <property name="Exif/GPSAltitude" value="7"/>
          <property name="Exif/GPSLatitude" value="49.22834"/>
          <property name="Exif/GPSLongitude" value="-122.666679"/>
          <property name="Exif/Orientation" value="1"/>
          <property name="File/ImageHeight" value="720"/>
          <property name="File/ImageWidth" value="1280"/>
          <property name="System/FileModifyDate" value="2022:06:25 17:16:36"/>
          <property name="System/FileSize" value="81003"/>
        </meta>
      </photo>
    </camera>
    <camera camera_id="7">
      <photo path="../../../inputs/IMG_0151.JPG">
        <meta>
          <property name="Exif/DateTime" value="2022:06:14 19:30:38"/>
          <property name="Exif/DateTimeOriginal" value="2022:06:14 19:30:38"/>
          <property name="Exif/GPSAltitude" value="7"/>
          <property name="Exif/GPSLatitude" value="49.22829"/>
          <property name="Exif/GPSLongitude" value="-122.666688"/>
          <property name="Exif/Orientation" value="1"/>
          <property name="File/ImageHeight" value="720"/>
          <property name="File/ImageWidth" value="1280"/>
          <property name="System/FileModifyDate" value="2022:06:25 17:16:36"/>
          <property name="System/FileSize" value="77361"/>
        </meta>
      </photo>
    </camera>
    <camera camera_id="8">
      <photo path="../../../inputs/IMG_0152.JPG">
        <meta>
          <property name="Exif/DateTime" value="2022:06:14 19:31:01"/>
          <property name="Exif/DateTimeOriginal" value="2022:06:14 19:31:01"/>
          <property name="Exif/GPSAltitude" value="7"/>
          <property name="Exif/GPSLatitude" value="49.228297"/>
          <property name="Exif/GPSLongitude" value="-122.66672"/>
          <property name="Exif/Orientation" value="1"/>
          <property name="File/ImageHeight" value="720"/>
          <property name="File/ImageWidth" value="1280"/>
          <property name="System/FileModifyDate" value="2022:06:25 17:16:36"/>
          <property name="System/FileSize" value="84813"/>
        </meta>
      </photo>
    </camera>
    <camera camera_id="9">
      <photo path="../../../inputs/IMG_0153.JPG">
        <meta>
          <property name="Exif/DateTime" value="2022:06:14 19:32:24"/>
          <property name="Exif/DateTimeOriginal" value="2022:06:14 19:32:24"/>
          <property name="Exif/GPSAltitude" value="7"/>
          <property name="Exif/GPSLatitude" value="49.228283"/>
          <property name="Exif/GPSLongitude" value="-122.666717"/>
          <property name="Exif/Orientation" value="1"/>
          <property name="File/ImageHeight" value="720"/>
          <property name="File/ImageWidth" value="1280"/>
          <property name="System/FileModifyDate" value="2022:06:25 17:16:37"/>
          <property name="System/FileSize" value="79923"/>
        </meta>
      </photo>
    </camera>
    <camera camera_id="10">
      <photo path="../../../inputs/IMG_0154.JPG">
        <meta>
          <property name="Exif/DateTime" value="2022:06:14 19:38:34"/>
          <property name="Exif/DateTimeOriginal" value="2022:06:14 19:38:34"/>
          <property name="Exif/GPSAltitude" value="7"/>
          <property name="Exif/GPSLatitude" value="49.228321"/>
          <property name="Exif/GPSLongitude" value="-122.666659"/>
          <property name="Exif/Orientation" value="1"/>
          <property name="File/ImageHeight" value="720"/>
          <property name="File/ImageWidth" value="1280"/>
          <property name="System/FileModifyDate" value="2022:06:25 17:16:37"/>
          <property name="System/FileSize" value="92735"/>
        </meta>
      </photo>
    </camera>
    <camera camera_id="11">
      <photo path="../../../inputs/IMG_0155.JPG">
        <meta>
          <property name="Exif/DateTime" value="2022:06:14 19:39:10"/>
          <property name="Exif/DateTimeOriginal" value="2022:06:14 19:39:10"/>
          <property name="Exif/GPSAltitude" value="7"/>
          <property name="Exif/GPSLatitude" value="49.228384"/>
          <property name="Exif/GPSLongitude" value="-122.666628"/>
          <property name="Exif/Orientation" value="1"/>
          <property name="File/ImageHeight" value="720"/>
          <property name="File/ImageWidth" value="1280"/>
          <property name="System/FileModifyDate" value="2022:06:25 17:16:37"/>
          <property name="System/FileSize" value="70652"/>
        </meta>
      </photo>
    </camera>
    <camera camera_id="12">
      <photo path="../../../inputs/IMG_0156.JPG">
        <meta>
          <property name="Exif/DateTime" value="2022:06:14 19:39:28"/>
          <property name="Exif/DateTimeOriginal" value="2022:06:14 19:39:28"/>
          <property name="Exif/GPSAltitude" value="7"/>
          <property name="Exif/GPSLatitude" value="49.228428"/>
          <property name="Exif/GPSLongitude" value="-122.666595"/>
          <property name="Exif/Orientation" value="1"/>
          <property name="File/ImageHeight" value="720"/>
          <property name="File/ImageWidth" value="1280"/>
          <property name="System/FileModifyDate" value="2022:06:25 17:16:38"/>
          <property name="System/FileSize" value="81845"/>
        </meta>
      </photo>
    </camera>
    <camera camera_id="13">
      <photo path="../../../inputs/IMG_0157.JPG">
        <meta>
          <property name="Exif/DateTime" value="2022:06:14 19:39:44"/>
          <property name="Exif/DateTimeOriginal" value="2022:06:14 19:39:44"/>
          <property name="Exif/GPSAltitude" value="7"/>
          <property name="Exif/GPSLatitude" value="49.228482"/>
          <property name="Exif/GPSLongitude" value="-122.666633"/>
          <property name="Exif/Orientation" value="1"/>
          <property name="File/ImageHeight" value="720"/>
          <property name="File/ImageWidth" value="1280"/>
          <property name="System/FileModifyDate" value="2022:06:25 17:16:38"/>
          <property name="System/FileSize" value="73908"/>
        </meta>
      </photo>
    </camera>
    <camera camera_id="14">
      <photo path="../../../inputs/IMG_0158.JPG">
        <meta>
          <property name="Exif/DateTime" value="2022:06:14 19:40:49"/>
          <property name="Exif/DateTimeOriginal" value="2022:06:14 19:40:49"/>
          <property name="Exif/GPSAltitude" value="7"/>
          <property name="Exif/GPSLatitude" value="49.228449"/>
          <property name="Exif/GPSLongitude" value="-122.666668"/>
          <property name="Exif/Orientation" value="1"/>
          <property name="File/ImageHeight" value="720"/>
          <property name="File/ImageWidth" value="1280"/>
          <property name="System/FileModifyDate" value="2022:06:25 17:16:38"/>
          <property name="System/FileSize" value="68147"/>
        </meta>
      </photo>
    </camera>
    <camera camera_id="15">
      <photo path="../../../inputs/IMG_0159.JPG">
        <meta>
          <property name="Exif/DateTime" value="2022:06:14 19:41:30"/>
          <property name="Exif/DateTimeOriginal" value="2022:06:14 19:41:30"/>
          <property name="Exif/GPSAltitude" value="7"/>
          <property name="Exif/GPSLatitude" value="49.228389"/>
          <property name="Exif/GPSLongitude" value="-122.666704"/>
          <property name="Exif/Orientation" value="1"/>
          <property name="File/ImageHeight" value="720"/>
          <property name="File/ImageWidth" value="1280"/>
          <property name="System/FileModifyDate" value="2022:06:25 17:16:38"/>
          <property name="System/FileSize" value="104505"/>
        </meta>
      </photo>
    </camera>
    <camera camera_id="16">
      <photo path="../../../inputs/IMG_0160.JPG">
        <meta>
          <property name="Exif/DateTime" value="2022:06:14 19:41:45"/>
          <property name="Exif/DateTimeOriginal" value="2022:06:14 19:41:45"/>
          <property name="Exif/GPSAltitude" value="7"/>
          <property name="Exif/GPSLatitude" value="49.228347"/>
          <property name="Exif/GPSLongitude" value="-122.666727"/>
          <property name="Exif/Orientation" value="1"/>
          <property name="File/ImageHeight" value="720"/>
          <property name="File/ImageWidth" value="1280"/>
          <property name="System/FileModifyDate" value="2022:06:25 17:16:38"/>
          <property name="System/FileSize" value="98425"/>
        </meta>
      </photo>
    </camera>
    <camera camera_id="17">
      <photo path="../../../inputs/IMG_0161.JPG">
        <meta>
          <property name="Exif/DateTime" value="2022:06:14 19:42:00"/>
          <property name="Exif/DateTimeOriginal" value="2022:06:14 19:42:00"/>
          <property name="Exif/GPSAltitude" value="7"/>
          <property name="Exif/GPSLatitude" value="49.228311"/>
          <property name="Exif/GPSLongitude" value="-122.666739"/>
          <property name="Exif/Orientation" value="1"/>
          <property name="File/ImageHeight" value="720"/>
          <property name="File/ImageWidth" value="1280"/>
          <property name="System/FileModifyDate" value="2022:06:25 17:16:39"/>
          <property name="System/FileSize" value="109212"/>
        </meta>
      </photo>
    </camera>
    <camera camera_id="18">
      <photo path="../../../inputs/IMG_0162.JPG">
        <meta>
          <property name="Exif/DateTime" value="2022:06:14 19:42:17"/>
          <property name="Exif/DateTimeOriginal" value="2022:06:14 19:42:17"/>
          <property name="Exif/GPSAltitude" value="7"/>
          <property name="Exif/GPSLatitude" value="49.228224"/>
          <property name="Exif/GPSLongitude" value="-122.666611"/>
          <property name="Exif/Orientation" value="1"/>
          <property name="File/ImageHeight" value="720"/>
          <property name="File/ImageWidth" value="1280"/>
          <property name="System/FileModifyDate" value="2022:06:25 17:16:39"/>
          <property name="System/FileSize" value="95322"/>
        </meta>
      </photo>
    </camera>
    <camera camera_id="19">
      <photo path="../../../inputs/IMG_0163.JPG">
        <meta>
          <property name="Exif/DateTime" value="2022:06:14 19:44:59"/>
          <property name="Exif/DateTimeOriginal" value="2022:06:14 19:44:59"/>
          <property name="Exif/GPSAltitude" value="7"/>
          <property name="Exif/GPSLatitude" value="49.22828"/>
          <property name="Exif/GPSLongitude" value="-122.666636"/>
          <property name="Exif/Orientation" value="1"/>
          <property name="File/ImageHeight" value="720"/>
          <property name="File/ImageWidth" value="1280"/>
          <property name="System/FileModifyDate" value="2022:06:25 17:16:40"/>
          <property name="System/FileSize" value="73682"/>
        </meta>
      </photo>
    </camera>
    <camera camera_id="20">
      <photo path="../../../inputs/IMG_0164.JPG">
        <meta>
          <property name="Exif/DateTime" value="2022:06:14 19:45:50"/>
          <property name="Exif/DateTimeOriginal" value="2022:06:14 19:45:50"/>
          <property name="Exif/GPSAltitude" value="7"/>
          <property name="Exif/GPSLatitude" value="49.228327"/>
          <property name="Exif/GPSLongitude" value="-122.666618"/>
          <property name="Exif/Orientation" value="1"/>
          <property name="File/ImageHeight" value="720"/>
          <property name="File/ImageWidth" value="1280"/>
          <property name="System/FileModifyDate" value="2022:06:25 17:16:40"/>
          <property name="System/FileSize" value="109803"/>
        </meta>
      </photo>
    </camera>
    <camera camera_id="21">
      <photo path="../../../inputs/IMG_0165.JPG">
        <meta>
          <property name="Exif/DateTime" value="2022:06:14 19:46:14"/>
          <property name="Exif/DateTimeOriginal" value="2022:06:14 19:46:14"/>
          <property name="Exif/GPSAltitude" value="7"/>
          <property name="Exif/GPSLatitude" value="49.22847"/>
          <property name="Exif/GPSLongitude" value="-122.666545"/>
          <property name="Exif/Orientation" value="1"/>
          <property name="File/ImageHeight" value="720"/>
          <property name="File/ImageWidth" value="1280"/>
          <property name="System/FileModifyDate" value="2022:06:25 17:16:40"/>
          <property name="System/FileSize" value="90182"/>
        </meta>
      </photo>
    </camera>
    <camera camera_id="22">
      <photo path="../../../inputs/IMG_0166.JPG">
        <meta>
          <property name="Exif/DateTime" value="2022:06:14 19:46:34"/>
          <property name="Exif/DateTimeOriginal" value="2022:06:14 19:46:34"/>
          <property name="Exif/GPSAltitude" value="7"/>
          <property name="Exif/GPSLatitude" value="49.228455"/>
          <property name="Exif/GPSLongitude" value="-122.666544"/>
          <property name="Exif/Orientation" value="1"/>
          <property name="File/ImageHeight" value="720"/>
          <property name="File/ImageWidth" value="1280"/>
          <property name="System/FileModifyDate" value="2022:06:25 17:16:40"/>
          <property name="System/FileSize" value="79553"/>
        </meta>
      </photo>
    </camera>
    <camera camera_id="23">
      <photo path="../../../inputs/IMG_0167.JPG">
        <meta>
          <property name="Exif/DateTime" value="2022:06:14 19:46:45"/>
          <property name="Exif/DateTimeOriginal" value="2022:06:14 19:46:45"/>
          <property name="Exif/GPSAltitude" value="7"/>
          <property name="Exif/GPSLatitude" value="49.228455"/>
          <property name="Exif/GPSLongitude" value="-122.666548"/>
          <property name="Exif/Orientation" value="1"/>
          <property name="File/ImageHeight" value="720"/>
          <property name="File/ImageWidth" value="1280"/>
          <property name="System/FileModifyDate" value="2022:06:25 17:16:40"/>
          <property name="System/FileSize" value="79530"/>
        </meta>
      </photo>
    </camera>
    <camera camera_id="24">
      <photo path="../../../inputs/IMG_0168.JPG">
        <meta>
          <property name="Exif/DateTime" value="2022:06:14 19:48:21"/>
          <property name="Exif/DateTimeOriginal" value="2022:06:14 19:48:21"/>
          <property name="Exif/GPSAltitude" value="7"/>
          <property name="Exif/GPSLatitude" value="49.228431"/>
          <property name="Exif/GPSLongitude" value="-122.666556"/>
          <property name="Exif/Orientation" value="1"/>
          <property name="File/ImageHeight" value="720"/>
          <property name="File/ImageWidth" value="1280"/>
          <property name="System/FileModifyDate" value="2022:06:25 17:16:40"/>
          <property name="System/FileSize" value="72922"/>
        </meta>
      </photo>
    </camera>
    <camera camera_id="25">
      <photo path="../../../inputs/IMG_0169.JPG">
        <meta>
          <property name="Exif/DateTime" value="2022:06:14 19:48:32"/>
          <property name="Exif/DateTimeOriginal" value="2022:06:14 19:48:32"/>
          <property name="Exif/GPSAltitude" value="7"/>
          <property name="Exif/GPSLatitude" value="49.228384"/>
          <property name="Exif/GPSLongitude" value="-122.666572"/>
          <property name="Exif/Orientation" value="1"/>
          <property name="File/ImageHeight" value="720"/>
          <property name="File/ImageWidth" value="1280"/>
          <property name="System/FileModifyDate" value="2022:06:25 17:16:40"/>
          <property name="System/FileSize" value="68004"/>
        </meta>
      </photo>
    </camera>
    <camera camera_id="26">
      <photo path="../../../inputs/IMG_0170.JPG">
        <meta>
          <property name="Exif/DateTime" value="2022:06:14 19:48:48"/>
          <property name="Exif/DateTimeOriginal" value="2022:06:14 19:48:48"/>
          <property name="Exif/GPSAltitude" value="7"/>
          <property name="Exif/GPSLatitude" value="49.228355"/>
          <property name="Exif/GPSLongitude" value="-122.666589"/>
          <property name="Exif/Orientation" value="1"/>
          <property name="File/ImageHeight" value="720"/>
          <property name="File/ImageWidth" value="1280"/>
          <property name="System/FileModifyDate" value="2022:06:25 17:16:40"/>
          <property name="System/FileSize" value="108081"/>
        </meta>
      </photo>
    </camera>
    <camera camera_id="27">
      <photo path="../../../inputs/IMG_0171.JPG">
        <meta>
          <property name="Exif/DateTime" value="2022:06:14 19:49:03"/>
          <property name="Exif/DateTimeOriginal" value="2022:06:14 19:49:03"/>
          <property name="Exif/GPSAltitude" value="7"/>
          <property name="Exif/GPSLatitude" value="49.228326"/>
          <property name="Exif/GPSLongitude" value="-122.666594"/>
          <property name="Exif/Orientation" value="1"/>
          <property name="File/ImageHeight" value="720"/>
          <property name="File/ImageWidth" value="1280"/>
          <property name="System/FileModifyDate" value="2022:06:25 17:16:40"/>
          <property name="System/FileSize" value="83600"/>
        </meta>
      </photo>
    </camera>
    <camera camera_id="28">
      <photo path="../../../inputs/IMG_0172.JPG">
        <meta>
          <property name="Exif/DateTime" value="2022:06:14 19:49:13"/>
          <property name="Exif/DateTimeOriginal" value="2022:06:14 19:49:13"/>
          <property name="Exif/GPSAltitude" value="7"/>
          <property name="Exif/GPSLatitude" value="49.228302"/>
          <property name="Exif/GPSLongitude" value="-122.666655"/>
          <property name="Exif/Orientation" value="1"/>
          <property name="File/ImageHeight" value="720"/>
          <property name="File/ImageWidth" value="1280"/>
          <property name="System/FileModifyDate" value="2022:06:25 17:16:40"/>
          <property name="System/FileSize" value="74713"/>
        </meta>
      </photo>
    </camera>
    <camera camera_id="29">
      <photo path="../../../inputs/IMG_0173.JPG">
        <meta>
          <property name="Exif/DateTime" value="2022:06:14 19:49:23"/>
          <property name="Exif/DateTimeOriginal" value="2022:06:14 19:49:23"/>
          <property name="Exif/GPSAltitude" value="7"/>
          <property name="Exif/GPSLatitude" value="49.22826"/>
          <property name="Exif/GPSLongitude" value="-122.66664"/>
          <property name="Exif/Orientation" value="1"/>
          <property name="File/ImageHeight" value="720"/>
          <property name="File/ImageWidth" value="1280"/>
          <property name="System/FileModifyDate" value="2022:06:25 17:16:40"/>
          <property name="System/FileSize" value="50765"/>
        </meta>
      </photo>
    </camera>
    <camera camera_id="30">
      <photo path="../../../inputs/IMG_0174.JPG">
        <meta>
          <property name="Exif/DateTime" value="2022:06:14 19:49:40"/>
          <property name="Exif/DateTimeOriginal" value="2022:06:14 19:49:40"/>
          <property name="Exif/GPSAltitude" value="7"/>
          <property name="Exif/GPSLatitude" value="49.22826"/>
          <property name="Exif/GPSLongitude" value="-122.666578"/>
          <property name="Exif/Orientation" value="1"/>
          <property name="File/ImageHeight" value="720"/>
          <property name="File/ImageWidth" value="1280"/>
          <property name="System/FileModifyDate" value="2022:06:25 17:16:40"/>
          <property name="System/FileSize" value="60158"/>
        </meta>
      </photo>
    </camera>
    <camera camera_id="31">
      <photo path="../../../inputs/IMG_0175.JPG">
        <meta>
          <property name="Exif/DateTime" value="2022:06:14 19:50:09"/>
          <property name="Exif/DateTimeOriginal" value="2022:06:14 19:50:09"/>
          <property name="Exif/GPSAltitude" value="7"/>
          <property name="Exif/GPSLatitude" value="49.228287"/>
          <property name="Exif/GPSLongitude" value="-122.666586"/>
          <property name="Exif/Orientation" value="1"/>
          <property name="File/ImageHeight" value="720"/>
          <property name="File/ImageWidth" value="1280"/>
          <property name="System/FileModifyDate" value="2022:06:25 17:16:40"/>
          <property name="System/FileSize" value="67615"/>
        </meta>
      </photo>
    </camera>
    <camera camera_id="32">
      <photo path="../../../inputs/IMG_0176.JPG">
        <meta>
          <property name="Exif/DateTime" value="2022:06:14 19:51:49"/>
          <property name="Exif/DateTimeOriginal" value="2022:06:14 19:51:49"/>
          <property name="Exif/GPSAltitude" value="7"/>
          <property name="Exif/GPSLatitude" value="49.228343"/>
          <property name="Exif/GPSLongitude" value="-122.666552"/>
          <property name="Exif/Orientation" value="1"/>
          <property name="File/ImageHeight" value="720"/>
          <property name="File/ImageWidth" value="1280"/>
          <property name="System/FileModifyDate" value="2022:06:25 17:16:40"/>
          <property name="System/FileSize" value="123082"/>
        </meta>
      </photo>
    </camera>
    <camera camera_id="33">
      <photo path="../../../inputs/IMG_0177.JPG">
        <meta>
          <property name="Exif/DateTime" value="2022:06:14 19:52:01"/>
          <property name="Exif/DateTimeOriginal" value="2022:06:14 19:52:01"/>
          <property name="Exif/GPSAltitude" value="7"/>
          <property name="Exif/GPSLatitude" value="49.228476"/>
          <property name="Exif/GPSLongitude" value="-122.666492"/>
          <property name="Exif/Orientation" value="1"/>
          <property name="File/ImageHeight" value="720"/>
          <property name="File/ImageWidth" value="1280"/>
          <property name="System/FileModifyDate" value="2022:06:25 17:16:40"/>
          <property name="System/FileSize" value="73655"/>
        </meta>
      </photo>
    </camera>
    <camera camera_id="34">
      <photo path="../../../inputs/IMG_0178.JPG">
        <meta>
          <property name="Exif/DateTime" value="2022:06:14 19:52:17"/>
          <property name="Exif/DateTimeOriginal" value="2022:06:14 19:52:17"/>
          <property name="Exif/GPSAltitude" value="7"/>
          <property name="Exif/GPSLatitude" value="49.228507"/>
          <property name="Exif/GPSLongitude" value="-122.666519"/>
          <property name="Exif/Orientation" value="1"/>
          <property name="File/ImageHeight" value="720"/>
          <property name="File/ImageWidth" value="1280"/>
          <property name="System/FileModifyDate" value="2022:06:25 17:16:40"/>
          <property name="System/FileSize" value="56416"/>
        </meta>
      </photo>
    </camera>
    <camera camera_id="35">
      <photo path="../../../inputs/IMG_0179.JPG">
        <meta>
          <property name="Exif/DateTime" value="2022:06:14 19:52:42"/>
          <property name="Exif/DateTimeOriginal" value="2022:06:14 19:52:42"/>
          <property name="Exif/GPSAltitude" value="7"/>
          <property name="Exif/GPSLatitude" value="49.22848"/>
          <property name="Exif/GPSLongitude" value="-122.666495"/>
          <property name="Exif/Orientation" value="1"/>
          <property name="File/ImageHeight" value="720"/>
          <property name="File/ImageWidth" value="1280"/>
          <property name="System/FileModifyDate" value="2022:06:25 17:16:40"/>
          <property name="System/FileSize" value="50138"/>
        </meta>
      </photo>
    </camera>
    <camera camera_id="36">
      <photo path="../../../inputs/IMG_0180.JPG">
        <meta>
          <property name="Exif/DateTime" value="2022:06:14 19:53:20"/>
          <property name="Exif/DateTimeOriginal" value="2022:06:14 19:53:20"/>
          <property name="Exif/GPSAltitude" value="7"/>
          <property name="Exif/GPSLatitude" value="49.228443"/>
          <property name="Exif/GPSLongitude" value="-122.666487"/>
          <property name="Exif/Orientation" value="1"/>
          <property name="File/ImageHeight" value="720"/>
          <property name="File/ImageWidth" value="1280"/>
          <property name="System/FileModifyDate" value="2022:06:25 17:16:40"/>
          <property name="System/FileSize" value="49576"/>
        </meta>
      </photo>
    </camera>
    <camera camera_id="37">
      <photo path="../../../inputs/IMG_0181.JPG">
        <meta>
          <property name="Exif/DateTime" value="2022:06:14 19:53:42"/>
          <property name="Exif/DateTimeOriginal" value="2022:06:14 19:53:42"/>
          <property name="Exif/GPSAltitude" value="7"/>
          <property name="Exif/GPSLatitude" value="49.228383"/>
          <property name="Exif/GPSLongitude" value="-122.666511"/>
          <property name="Exif/Orientation" value="1"/>
          <property name="File/ImageHeight" value="720"/>
          <property name="File/ImageWidth" value="1280"/>
          <property name="System/FileModifyDate" value="2022:06:25 17:16:40"/>
          <property name="System/FileSize" value="70114"/>
        </meta>
      </photo>
    </camera>
    <camera camera_id="38">
      <photo path="../../../inputs/IMG_0182.JPG">
        <meta>
          <property name="Exif/DateTime" value="2022:06:14 19:53:54"/>
          <property name="Exif/DateTimeOriginal" value="2022:06:14 19:53:54"/>
          <property name="Exif/GPSAltitude" value="7"/>
          <property name="Exif/GPSLatitude" value="49.22832"/>
          <property name="Exif/GPSLongitude" value="-122.666546"/>
          <property name="Exif/Orientation" value="1"/>
          <property name="File/ImageHeight" value="720"/>
          <property name="File/ImageWidth" value="1280"/>
          <property name="System/FileModifyDate" value="2022:06:25 17:16:40"/>
          <property name="System/FileSize" value="76218"/>
        </meta>
      </photo>
    </camera>
    <camera camera_id="39">
      <photo path="../../../inputs/IMG_0183.JPG">
        <meta>
          <property name="Exif/DateTime" value="2022:06:14 19:54:07"/>
          <property name="Exif/DateTimeOriginal" value="2022:06:14 19:54:07"/>
          <property name="Exif/GPSAltitude" value="7"/>
          <property name="Exif/GPSLatitude" value="49.228288"/>
          <property name="Exif/GPSLongitude" value="-122.666551"/>
          <property name="Exif/Orientation" value="1"/>
          <property name="File/ImageHeight" value="720"/>
          <property name="File/ImageWidth" value="1280"/>
          <property name="System/FileModifyDate" value="2022:06:25 17:16:40"/>
          <property name="System/FileSize" value="60365"/>
        </meta>
      </photo>
    </camera>
    <camera camera_id="40">
      <photo path="../../../inputs/IMG_0184.JPG">
        <meta>
          <property name="Exif/DateTime" value="2022:06:14 19:54:21"/>
          <property name="Exif/DateTimeOriginal" value="2022:06:14 19:54:21"/>
          <property name="Exif/GPSAltitude" value="7"/>
          <property name="Exif/GPSLatitude" value="49.228233"/>
          <property name="Exif/GPSLongitude" value="-122.666592"/>
          <property name="Exif/Orientation" value="1"/>
          <property name="File/ImageHeight" value="720"/>
          <property name="File/ImageWidth" value="1280"/>
          <property name="System/FileModifyDate" value="2022:06:25 17:16:40"/>
          <property name="System/FileSize" value="53695"/>
        </meta>
      </photo>
    </camera>
    <camera camera_id="41">
      <photo path="../../../inputs/IMG_0185.JPG">
        <meta>
          <property name="Exif/DateTime" value="2022:06:14 19:54:30"/>
          <property name="Exif/DateTimeOriginal" value="2022:06:14 19:54:30"/>
          <property name="Exif/Orientation" value="1"/>
          <property name="File/ImageHeight" value="720"/>
          <property name="File/ImageWidth" value="1280"/>
          <property name="System/FileModifyDate" value="2022:06:24 15:27:20"/>
          <property name="System/FileSize" value="153983"/>
        </meta>
      </photo>
    </camera>
    <camera camera_id="42">
      <photo path="../../../inputs/IMG_0186.JPG">
        <meta>
          <property name="Exif/DateTime" value="2022:06:14 19:54:43"/>
          <property name="Exif/DateTimeOriginal" value="2022:06:14 19:54:43"/>
          <property name="Exif/Orientation" value="1"/>
          <property name="File/ImageHeight" value="720"/>
          <property name="File/ImageWidth" value="1280"/>
          <property name="System/FileModifyDate" value="2022:06:24 15:27:20"/>
          <property name="System/FileSize" value="105016"/>
        </meta>
      </photo>
    </camera>
    <camera camera_id="43">
      <photo path="../../../inputs/IMG_0187.JPG">
        <meta>
          <property name="Exif/DateTime" value="2022:06:14 19:54:57"/>
          <property name="Exif/DateTimeOriginal" value="2022:06:14 19:54:57"/>
          <property name="Exif/Orientation" value="1"/>
          <property name="File/ImageHeight" value="720"/>
          <property name="File/ImageWidth" value="1280"/>
          <property name="System/FileModifyDate" value="2022:06:24 15:27:20"/>
          <property name="System/FileSize" value="97336"/>
        </meta>
      </photo>
    </camera>
    <camera camera_id="44">
      <photo path="../../../inputs/IMG_0188.JPG">
        <meta>
          <property name="Exif/DateTime" value="2022:06:14 19:55:37"/>
          <property name="Exif/DateTimeOriginal" value="2022:06:14 19:55:37"/>
          <property name="Exif/Orientation" value="1"/>
          <property name="File/ImageHeight" value="720"/>
          <property name="File/ImageWidth" value="1280"/>
          <property name="System/FileModifyDate" value="2022:06:24 15:27:20"/>
          <property name="System/FileSize" value="123268"/>
        </meta>
      </photo>
    </camera>
  </cameras>
  <thumbnails path="thumbnails/thumbnails.zip"/>
  <point_cloud path="point_cloud/point_cloud.zip"/>
</frame>
